id;first_name;last_name;gender;email;phone;address_line_1;address_line_2;city;country;user_id
1;Garnett;Schinner;OTHER;MAgEA7SyTlfbc!S(fs*;>NGTWY'@0&5^+F~^$,Q)DVsU~l!dOl<Ixj\ZSdAR.RCE|[x}2]2ljb4Zq26$z/m+66xn;J+:&L8U+0[GB_"0audEM;(361) 760-0978 x92019;Money Market Account;Albania web-readiness;South Leopold;Iceland;1
2;Alycia;Greenfelder;OTHER;Pz$7mm8Uht*r>/EO'8YYJs[BJH=/og1B~|)nXF}}i}Fp6lH>4)$T=|SbN:&!iA%g``EU<L"1_@bnUcd}sMp2<n"R9OWz4y&H\neD7?tpXFX=r?#2!_jFnDpBJyjjlon<35,+\yM{yx-)6!c]lljtwam-.%K;866-140-0999;cross-platform access;Public-key;South Marjorieland;Myanmar;1
3;River;Barton;MALE;_K\$ZM0<jHi`Cmi28Z,>!G=j2W=^+M"ke67-D#L>omi>)Ox;pXRK[@Km=K8D"~6-{1SthE!juCj=D)^E4C]jE1bnO{W7QyR3(yGJUe?Te%aA[>Nl^XoJ2rR+jWF$zKID#+6.|vKkh'o?l%f:sc5i`z3"J/E7fAg5&Rg)B<|(#uh::z{Xgmmx>64vz"&Vcn?MW\8"'2|YJU,NwWb!Scd{b0GlbG3*q${n0}Xzq6;1-255-109-8749 x389;capacitor archive;sky blue Tasty Plastic Pizza;Lake Donavon;Maldives;2
4;Kyler;Hermiston;OTHER;$~@y$u8!mN_/\$_$1PV/!W<:-iJ-^QrhXQ4RUgS9d-U;tN[uA9y4j!G(]33cuX%.F]Qm<F;X*`-nd?hG^[6P5>)e;FTryqFbs0cMC&28Xwm;731-200-8177 x777;Unbranded Plastic Tuna Frozen;generating Highway Ergonomic;West Marcella;Ghana;2
5;Monte;McLaughlin;OTHER;`+@It.oHM#.mDV}tsH8D=WoyQFl`alr-aF:t\|1Vf3Lni)gC1Ksvt$hS=[Cc&%pjC%*waQTKQX[gmF*/_6]|c7IM%uQQf:v~GhxHI'Yl[kA;1-527-240-5741 x0412;Dynamic;knowledge base Buckinghamshire;Connellyberg;Mozambique;1
6;Kamille;Roob;MALE;n#Mpt7Fx1E-\'|$+~C&3S{_0-Ky:2[&mZy$Xk42Jl"2;?8>M$W;p=.uZ$oGr2\WTKJ0nWG4C',F%/"II@lgFDp[E%&aX2r%5?jX31*eN,.Y$d]1L|y7`(hnjT4PM^fyS['0+x'&S4Ld^CQ\CL!50`vpSE%-74"yl0PVouCNXRe.hJH7NX}n-My(ds'7rm{6.#^j)YuQ?k5J54)+i9ztYD_v,.H,mxH-GUyrx+h;X]#J%s/RPO.8F~Elg.E^f?Cf+vFX|&d;1-682-618-4821 x48853;Fresh granular Direct;Profit-focused;North Rebeca;Guatemala;2
7;Ellsworth;Adams;FEMALE;u\HVjUr%ni3c'Giv}@MUTw_I7L5b:{H.Sxu{RMY:)EGl:!vJI1;XK>2O>zX!QHxD%6\)YF<!|,j&*a*?B:m0P/eTCwstUG;,g2.$|;>*fIlJco,tlt2zTE=T_&MYpm+B;'0EpH9We'#tjPa,5^W]S]a7Rp|[<O/y6hT!4g^;821q]n\X'WRR6amv#PESlqhzpCR;1-291-325-5743;Engineer;Exclusive Moroccan Dirham card;East Zoetown;Estonia;2
8;Weston;Kuvalis;MALE;mD&9twH\m6e0(v{KxK&.4z@n^*I98->/B[M*Q"I_C*!C-%$i>-n<s0~8Yyta[KrZ:bSWC7d*MjvuCiBJrDC)+y<(C7-Alhms:-/Uh![yS.qt!Ezf!_Y!zQg1\,K-ncx?^qFoFb_kOTu5n*//+"EP+JAzzBDG6Y9z/il~hA9z)yjx|u3N!NYdA%m78[z",x8|iVgUY/;952-560-7322 x783;invoice withdrawal;bypassing optical;West Joeyville;Paraguay;1
9;Ryann;McLaughlin;FEMALE;Z}H*Jg|a`IRP?nd<K$?ZxBa=Ql@[+%ls-%VGyVKLj[p03z?}Wp5aI)%>5$j+yBKw5g//|6+qjV6-X{-l.J~L4XUZ4ltOKz#p[Hm(u&H{S]CQ).aN5HwWY)'(ko>14l")\F01SPBiD%jd|iK0;019-633-5981 x6371;Global;Fiji Dollar Profound Bacon;Luettgenport;Malawi;1
10;Deangelo;Zieme;MALE;l,v[/?`MFxUoHg>Cat[#n$1M2o[(!HB'<|]-c}0ZSy[tCat]B+q}dC1Kp'}?#/91{f9$'#_:%k&fepy84V)5C3y@(L`2=tm)'QqOij^ce+.SC4.x&v3v=Rak7:0.Z(a7_|k(N%lUC:]<Zv6^p{i7#NkCqUP7*{UphSa<0:*e$wHf<}3llkQ{"~_fNEtp3"o.oT45;1-237-788-8847;invoice Unbranded Cheese;New Zealand Dollar Alabama transform;Ondrickashire;Albania;1
